{"featureCount":5,"bias":-1.6528450059964903,"trainingLoss":0.4935594595859271,"accuracy":0.7945833333333333,"weights":[2.1242650276502903,0.35134944340653457,-0.6836104694504026,0.1490145359676745,-0.4851852925554285]}