{"layerSizes":[7,32,16,1],"trainingLoss":3.6657154755706434,"accuracy":0.801,"weights":[{"rows":32,"cols":7,"data":[[6112.262949089679,3701.8538751780447,6953.531787914989,4311.117643642619,5125.597014914212,5277.813530570992,9911.241451442738],[6113.118942738635,3702.8057488040367,6955.605520263793,4312.298499788772,5127.471020377821,5278.894496837341,9914.36624997337],[6112.932025828126,3701.272226887257,6954.580552740981,4312.1103777923945,5125.7345635005395,5277.121821444637,9909.564383894505],[6111.470442448769,3700.733388546585,6953.470535082867,4312.196921283911,5125.343110831857,5276.663367541153,9908.221416284772],[6108.227112347338,3699.0869036373742,6949.803037733286,4308.628535393391,5122.047351454167,5273.566290806334,9903.958560835765],[6111.565809544397,3701.0734877935206,6953.357790333192,4310.698901843982,5126.250000900822,5277.419616276506,9911.273607859166],[6113.232628004906,3701.3175619118847,6954.802968680348,4312.066348286695,5126.344066609317,5278.116590899268,9910.212436512682],[6113.270946326991,3701.66120011075,6954.931790332662,4311.6820280123975,5125.744367083128,5278.068435901525,9911.548682659977],[-6068.963137510842,-3674.9054159916786,-6904.137529236204,-4280.334932107825,-5089.252513937974,-5240.085719714125,-9839.170274249283],[-6072.553596042613,-3676.9103565171818,-6908.678839831646,-4283.416138955873,-5092.057741943596,-5242.298743571603,-9845.301596224912],[6112.31044489875,3701.242242191805,6954.2123657900775,4311.2409706906965,5126.041332591843,5277.010470237485,9911.319286076012],[6112.443006196002,3700.910643191821,6954.121341634374,4311.971923791883,5125.277291065073,5276.540423733505,9908.637527860708],[-6071.397928599289,-3676.612040000189,-6906.678164548299,-4282.499106384848,-5091.433163004396,-5242.135051467242,-9843.035836741748],[-6072.245357816795,-3677.3972451533377,-6908.271831701331,-4283.564560229665,-5091.572396846814,-5242.31414991876,-9845.305736592152],[6112.314612345012,3701.7941329874575,6953.775263943207,4311.741374616625,5125.684429035632,5278.186975496547,9911.055249688701],[6112.094475985903,3701.2237333836515,6953.8655850674195,4311.405769324284,5125.177052352237,5276.64116245499,9908.827573880313],[6112.262405271526,3701.669060591346,6954.19417773334,4311.319513171409,5125.985429746603,5276.985174498606,9910.00099975309],[6112.5088711702265,3701.2763200481672,6953.943132033504,4311.6722212431105,5125.062156144878,5276.560869169297,9908.283506959648],[6112.381758759577,3702.1563414363773,6954.485837440727,4312.3027265957135,5126.582451616667,5277.56491390142,9911.85960553603],[-6072.948846591206,-3677.350905367656,-6909.637148818216,-4284.0081078747735,-5093.193986322436,-5243.402351927707,-9846.32837829475],[6112.031274454091,3702.1347948112248,6954.1389902734,4311.642749285736,5126.584951817453,5277.847586940676,9911.074614664563],[6112.320018295279,3701.649082859058,6954.80898351171,4312.111281789386,5125.759212239402,5278.0722093400345,9911.633378249127],[6112.212983600566,3701.6143020135655,6953.793696523311,4311.593126020128,5125.617786805817,5277.992567119818,9911.529233695055],[6110.22886530832,3699.566065425512,6951.346650066818,4309.774506898525,5124.058774017396,5275.8776493067835,9906.182659143913],[-6069.307171359884,-3675.44657478436,-6905.277905493185,-4280.864160919636,-5089.435075754262,-5240.439926465098,-9840.732371745016],[6113.558634897356,3702.202841720726,6955.140482714523,4312.33886494058,5126.681833984815,5278.596504859791,9911.432490235966],[6109.079641050245,3699.938956379203,6950.272042889927,4309.623642870481,5123.433724699401,5274.969842206967,9905.320626944964],[6111.197256227327,3701.4766919716417,6954.041482381309,4310.862999356489,5124.974853102847,5277.262414539694,9909.335471125603],[-6062.005198523413,-3671.20265993713,-6896.145383902631,-4275.6861889550855,-5083.071942623467,-5234.413169694593,-9828.869640570685],[6111.946385327794,3701.566280359173,6954.5365424369875,4311.756547945616,5125.817582318036,5277.810233455256,9908.894393013592],[6111.290032354985,3700.989078944733,6952.117742649145,4310.206947990672,5124.957975710179,5276.843122760601,9907.781772293964],[6112.811023109476,3701.0475885438514,6953.722660013087,4312.091402406154,5125.403729077136,5277.2612261984605,9910.153988286233]]},{"rows":16,"cols":32,