{"featureCount":5,"bias":2.1473797223784983,"trainingLoss":0.07462040168006424,"r2Score":0.8242021559569815,"weights":[1.529673061995172,-0.7524922702986707,0.890020941857569,0.2815165150621115,-0.5227256314980965]}